<?xml version="1.0" encoding="utf-8"?>
<unattend xmlns="urn:schemas-microsoft-com:unattend">
    <settings pass="windowsPE">
        <component name="Microsoft-Windows-International-Core-WinPE" processorArchitecture="amd64" publicKeyToken="31bf3856ad364e35" language="neutral" versionScope="nonSxS" xmlns:wcm="http://schemas.microsoft.com/WMIConfig/2002/State" xmlns:xsi="http://www.w3.org/2001/XMLSchema-instance">
            <SetupUILanguage>
                <UILanguage>en-US</UILanguage>
            </SetupUILanguage>
            <InputLocale>es-ES</InputLocale>
            <SystemLocale>en-US</SystemLocale>
            <UILanguage>en-US</UILanguage>
            <UserLocale>en-US</UserLocale>
        </component>
        <component name="Microsoft-Windows-Setup" processorArchitecture="amd64" publicKeyToken="31bf3856ad364e35" language="neutral" versionScope="nonSxS" xmlns:wcm="http://schemas.microsoft.com/WMIConfig/2002/State" xmlns:xsi="http://www.w3.org/2001/XMLSchema-instance">
            <DiskConfiguration>
                <Disk wcm:action="add">
                    <CreatePartitions>
                        <CreatePartition wcm:action="add">
                            <Order>1</Order>
                            <Size>500</Size>
                            <Type>Primary</Type>
                        </CreatePartition>
                        <CreatePartition wcm:action="add">
                            <Order>2</Order>
                            <Extend>true</Extend>
                            <Type>Primary</Type>
                        </CreatePartition>
                    </CreatePartitions>
                    <ModifyPartitions>
                        <ModifyPartition wcm:action="add">
                            <Order>1</Order>
                            <PartitionID>1</PartitionID>
                            <Format>NTFS</Format>
                            <Label>Boot</Label>
                            <Active>true</Active>
                        </ModifyPartition>
                        <ModifyPartition wcm:action="add">
                            <Order>2</Order>
                            <PartitionID>2</PartitionID>
                            <Format>NTFS</Format>
                            <Label>System</Label>
                        </ModifyPartition>
                    </ModifyPartitions>
                    <DiskID>0</DiskID>
                    <WillWipeDisk>true</WillWipeDisk>
                </Disk>
            </DiskConfiguration>
            <ImageInstall>
                <OSImage>
                    <InstallFrom>
                        <MetaData wcm:action="add">
                            <Key>/IMAGE/NAME</Key>
                            <Value>Windows Server 2019 SERVERSTANDARD</Value>
                        </MetaData>
                    </InstallFrom>
                    <InstallTo>
                        <DiskID>0</DiskID>
                        <PartitionID>2</PartitionID>
                    </InstallTo>
                    <WillShowUI>OnError</WillShowUI>
                    <InstallToAvailablePartition>false</InstallToAvailablePartition>
                </OSImage>
            </ImageInstall>
            <UserData>
                <AcceptEula>true</AcceptEula>
            </UserData>
        </component>
    </settings>
    <settings pass="specialize">
        <component name="Microsoft-Windows-Shell-Setup" processorArchitecture="amd64" publicKeyToken="31bf3856ad364e35" language="neutral" versionScope="nonSxS" xmlns:wcm="http://schemas.microsoft.com/WMIConfig/2002/State" xmlns:xsi="http://www.w3.org/2001/XMLSchema-instance">
            <TimeZone>Romance Standard Time</TimeZone>
        </component>
        <component name="Microsoft-Windows-Deployment" processorArchitecture="amd64" publicKeyToken="31bf3856ad364e35" language="neutral" versionScope="nonSxS" xmlns:wcm="http://schemas.microsoft.com/WMIConfig/2002/State" xmlns:xsi="http://www.w3.org/2001/XMLSchema-instance">
            <RunSynchronous>
                <RunSynchronousCommand wcm:action="add">
                    <Order>1</Order>
                    <Description>Disable Network Discovery</Description>
                    <Path>cmd.exe /c a:\disable-network-discovery.cmd</Path>
                </RunSynchronousCommand>
            </RunSynchronous>
        </component>
    </settings>
    <settings pass="oobeSystem">
        <component name="Microsoft-Windows-Shell-Setup" processorArchitecture="amd64" publicKeyToken="31bf3856ad364e35" language="neutral" versionScope="nonSxS" xmlns:wcm="http://schemas.microsoft.com/WMIConfig/2002/State" xmlns:xsi="http://www.w3.org/2001/XMLSchema-instance">
            <AutoLogon>
                <Password>
                    <Value>S3cr3t0!</Value>
                    <PlainText>true</PlainText>
                </Password>
                <LogonCount>2</LogonCount>
                <Username>Administrator</Username>
                <Enabled>true</Enabled>
            </AutoLogon>
                    <FirstLogonCommands>
                <SynchronousCommand wcm:action="add">
                    <Order>1</Order>
                    <Description>Set Execution Policy 64 Bit</Description>
                    <CommandLine>cmd.exe /c powershell -Command "Set-ExecutionPolicy -ExecutionPolicy RemoteSigned -Force"</CommandLine>
                    <RequiresUserInput>true</RequiresUserInput>
                </SynchronousCommand>
                <SynchronousCommand wcm:action="add">
                    <Order>2</Order>
                    <Description>Set Execution Policy 32 Bit</Description>
                    <CommandLine>C:\Windows\SysWOW64\cmd.exe /c powershell -Command "Set-ExecutionPolicy -ExecutionPolicy RemoteSigned -Force"</CommandLine>
                    <RequiresUserInput>true</RequiresUserInput>
                </SynchronousCommand>
                <SynchronousCommand wcm:action="add">
                    <Order>3</Order>
                    <Description>Disable WinRM</Description>
                    <CommandLine>C:\Windows\System32\WindowsPowerShell\v1.0\powershell.exe -File a:\disable-winrm.ps1</CommandLine>
                    <RequiresUserInput>true</RequiresUserInput>
                </SynchronousCommand>
                <SynchronousCommand wcm:action="add">
                    <CommandLine>%SystemRoot%\System32\reg.exe ADD HKCU\SOFTWARE\Microsoft\Windows\CurrentVersion\Explorer\Advanced\ /v HideFileExt /t REG_DWORD /d 0 /f</CommandLine>
                    <Order>4</Order>
                    <Description>Show file extensions in Explorer</Description>
                </SynchronousCommand>
                <SynchronousCommand wcm:action="add">
                    <CommandLine>%SystemRoot%\System32\reg.exe ADD HKCU\Console /v QuickEdit /t REG_DWORD /d 1 /f</CommandLine>
                    <Order>5</Order>
                    <Description>Enable QuickEdit mode</Description>
                </SynchronousCommand>
                <SynchronousCommand wcm:action="add">
                    <CommandLine>%SystemRoot%\System32\reg.exe ADD HKCU\SOFTWARE\Microsoft\Windows\CurrentVersion\Explorer\Advanced\ /v Start_ShowRun /t REG_DWORD /d 1 /f</CommandLine>
                    <Order>6</Order>
                    <Description>Show Run command in Start Menu</Description>
                </SynchronousCommand>
                <SynchronousCommand wcm:action="add">
                    <CommandLine>%SystemRoot%\System32\reg.exe ADD HKCU\SOFTWARE\Microsoft\Windows\CurrentVersion\Explorer\Advanced\ /v StartMenuAdminTools /t REG_DWORD /d 1 /f</CommandLine>
                    <Order>7</Order>
                    <Description>Show Administrative Tools in Start Menu</Description>
                </SynchronousCommand>
                <SynchronousCommand wcm:action="add">
                    <CommandLine>%SystemRoot%\System32\reg.exe ADD HKLM\SYSTEM\CurrentControlSet\Control\Power\ /v HibernateFileSizePercent /t REG_DWORD /d 0 /f</CommandLine>
                    <Order>8</Order>
                    <Description>Zero Hibernation File</Description>
                </SynchronousCommand>
                <SynchronousCommand wcm:action="add">
                    <CommandLine>%SystemRoot%\System32\reg.exe ADD HKLM\SYSTEM\CurrentControlSet\Control\Power\ /v HibernateEnabled /t REG_DWORD /d 0 /f</CommandLine>
                    <Order>9</Order>
                    <Description>Disable Hibernation Mode</Description>
                </SynchronousCommand>
                <SynchronousCommand wcm:action="add">
                    <CommandLine>cmd.exe /c wmic useraccount where "name='Administrator'" set PasswordExpires=FALSE</CommandLine>
                    <Order>10</Order>
                    <Description>Disable password expiration for Administrator user</Description>
                </SynchronousCommand>
                <SynchronousCommand wcm:action="add">
                    <CommandLine>cmd.exe /c a:\install-vm-tools.cmd</CommandLine>
                    <Order>11</Order>
                    <Description>Install VMware Tools</Description>
                </SynchronousCommand>
                <SynchronousCommand wcm:action="add">
                    <CommandLine>cmd.exe /c a:\enable-rdp.cmd</CommandLine>
                    <Order>12</Order>
                    <Description>Enable RDP</Description>
                </SynchronousCommand>
                <SynchronousCommand wcm:action="add">
                    <CommandLine>cmd.exe /c C:\Windows\System32\WindowsPowerShell\v1.0\powershell.exe -File a:\set-temp.ps1</CommandLine>
                    <Order>13</Order>
                    <Description>Set Temp Folders</Description>
                </SynchronousCommand>
                <SynchronousCommand wcm:action="add">
                    <CommandLine>cmd.exe /c C:\Windows\System32\WindowsPowerShell\v1.0\powershell.exe -File a:\install-google-chrome.ps1</CommandLine>
                    <Order>14</Order>
                    <Description>Install Google Chrome</Description>
                </SynchronousCommand>
                <SynchronousCommand wcm:action="add">
                    <CommandLine>cmd.exe /c C:\Windows\System32\WindowsPowerShell\v1.0\powershell.exe -File a:\install-bginfo.ps1</CommandLine>
                    <Order>15</Order>
                    <Description>Install BGinfo</Description>
                </SynchronousCommand>
                <SynchronousCommand wcm:action="add">
                    <CommandLine>cmd.exe /c C:\Windows\System32\WindowsPowerShell\v1.0\powershell.exe -File a:\enable-winrm.ps1</CommandLine>
                    <Description>Enable WinRM</Description>
                    <Order>99</Order>
                </SynchronousCommand> 
            </FirstLogonCommands>
            <OOBE>
                <HideEULAPage>true</HideEULAPage>
                <HideLocalAccountScreen>true</HideLocalAccountScreen>
                <HideOEMRegistrationScreen>true</HideOEMRegistrationScreen>
                <HideOnlineAccountScreens>true</HideOnlineAccountScreens>
                <HideWirelessSetupInOOBE>true</HideWirelessSetupInOOBE>
                <NetworkLocation>Home</NetworkLocation>
                <ProtectYourPC>1</ProtectYourPC>
            </OOBE>

            <UserAccounts>
                <AdministratorPassword>
                    <Value>S3cr3t0!</Value>
                    <PlainText>true</PlainText>
                </AdministratorPassword>
            </UserAccounts>
        </component>
    </settings>
    <cpi:offlineImage cpi:source="wim:c:/wim/install.wim#Windows Server 2019 SERVERSTANDARD" xmlns:cpi="urn:schemas-microsoft-com:cpi" />
</unattend>
